MUNICIPIOS,LATITUDE_MUNICIPIOS,LONGITUDE_MUNICIPIOS,QUANTIDADE
AGUA BRANCA  ,-5.889610050144409,-42.634258620406,2
ALTOS  ,-5.040501512036506,-42.458527716827,3
ANGICAL DO PIAUI  ,-6.08728848878261,-42.734537704896745,4
BARRA DURO  ,-5.820897673517355,-42.50982764612018,2
BELEM DO PIAUI  ,-7.3768008594614365,-40.971322158838056,1
BENEDITINOS  ,-5.455034678880185,-42.36100260121043,3
BRASILEIRA  ,-4.131529030916302,-41.78235322450369,6
BREJO DO PIAUI  ,-8.206365572259942,-42.83419564292688,6
BURITI DOS MONTES  ,-5.312605561775288,-41.09623753875129,11
CAJAZEIRAS DO PIAUI  ,-6.797151747461104,-42.39074799693638,5
CANTO DO BURITI  ,-8.11107262952759,-42.94407179690171,6
CARACOL  ,-9.284802503934095,-43.32711230610789,8
CASTELO DO PIAUI  ,-5.322749312197884,-41.55001967523167,4
CURIMATA  ,-10.035188790238344,-44.30072961218263,7
CURRALINHOS  ,-5.618415713284003,-42.82766262024914,6
DIRCEU ARCOVERDE  ,-9.341039592903448,-42.43803475954842,17
ELESBAO VELOSO  ,-6.199924224881578,-42.13420219379654,5
FLORES DO PIAUI  ,-7.792457322332304,-42.92429555755493,11
FLORESTA DO PIAUI  ,-7.467694239149313,-41.7992716048636,6
FLORIANO  ,-6.781122645454166,-43.02359449097019,1
FRANCISCO MACEDO  ,-7.327260501722166,-40.79085525459444,6
FRANCISCO SANTOS  ,-6.993795175070468,-41.13612574743163,9
FRONTEIRAS  ,-7.088878790226807,-40.61370339798913,1
GILBUES  ,-9.828997387370482,-45.33856407986746,6
INHUMA  ,-6.668379285862677,-41.70911625461079,14
ISAIAS COELHO  ,-7.735396971105851,-41.67647858211685,8
ITAUEIRA  ,-7.598671469587867,-43.02729567787406,6
JOAO COSTA  ,-8.488821927484631,-42.41735200220558,2
JOSE DE FREITAS  ,-4.758292808152811,-42.57628758895366,2
JUAZEIRO DO PIAUI  ,-5.170804334320552,-41.70690627443708,3
JUREMA  ,-9.22131492593854,-43.12855156988163,3
LAGOA DE SAO FRANCISCO  ,-4.392576502814044,-41.6029837548092,5
LANDRI SALES  ,-7.264547033421214,-43.93092907363797,14
LUIS CORREIA  ,-2.8813549856682306,-41.66533668448637,1
MALHADINHA  ,-7.952041276354051,-43.231790128980045,1
MARCOLANDIA  ,-7.4452894495104065,-40.66404873802239,6
MASSAPE DO PIAUI  ,-7.462852942401825,-41.12630500700294,6
MIGUEL ALVES  ,-4.170228978357391,-42.89343128307655,5
MONSENHOR GIL  ,-5.560883266550052,-42.61195841436375,1
PAJEU DO PIAUI  ,-7.854930426326789,-42.82206305564585,11
PAU DARCO DO PIAUI  ,-5.254891235397132,-42.38843213089265,3
PEDRO II  ,-4.428824010290657,-41.45746064040854,3
PEDRO LAURENTINO  ,-8.065924681412564,-42.28743926451933,4
PIO IX  ,-6.835656940303238,-40.61442825971569,23
PORTO  ,-3.894643506022815,-42.71211123143312,1
PRATA DO PIAUI  ,-5.667149295352405,-42.20475290707636,2
REDENCAO DO GURGUEIA  ,-9.488710979024484,-44.58226577515642,8
RIBEIRA DO PIAUI  ,-7.690890990575257,-42.711985095129386,2
SANTA CRUZ DO PIAUI  ,-7.184504672591309,-41.76584053771497,1
SANTA LUZ  ,-8.950770530081455,-44.1314990458379,8
SANTA ROSA DO PIAUI  ,-6.799538186166124,-42.27976936995035,6
SANTANA DO PIAUI  ,-6.946375243589655,-41.519110823373175,6
SAO BRAZ DO PIAUI  ,-9.063972418057732,-42.99938261771966,1
SAO JOAO DA CANABRAVA  ,-6.816676230427085,-41.34540786516935,1
SAO JOAO DA FRONTEIRA  ,-3.93850271801246,-41.25872865706008,8
SAO JOAO DO PIAUI  ,-8.356275637541467,-42.25465041169159,8
SAO RAIMUNDO NONATO  ,-9.015222319053436,-42.68870620759811,17
SIGEFREDO PACHECO  ,-4.917582450953501,-41.73126995461587,6
SUSSUAPARA  ,-7.010676246006526,-41.38248411724662,10
TERESINA  ,-5.0963228162945615,-42.80230323546554,6
VARZEA GRANDE  ,-6.547250825328829,-42.24914953735453,8
VILA NOVA DO PIAUI  ,-7.143023652888039,-40.939658314471686,6
CIPO  ,-7.346316766874953,-41.03366114601422,1
MALHADINHA  ,-7.350393365087211,-40.94417065411756,1
RESFRIADO  ,-7.634735750219765,-43.046614870021294,1
BARREIROS P1  ,-7.719481874100036,-42.95649904715473,1
SACO FECHADO – AGRESTE  ,-7.299489882682948,-40.782727651245416,1
CAMBOEIRO II – CAMBOEIRO  ,-7.325631462405811,-40.7551648972868,1
MALHADOR  ,-6.651296966735605,-41.57334277497498,1
FAZENDA NOVA 1ª OP  ,-7.712966966243722,-41.53181484839426,1
BOA VISTA  ,-7.893894031059512,-41.39358710977011,1
BAIRRO ALTO SAO PEDRO  ,-7.930761464197779,-41.1945728967228,1
PENDANGA  ,-9.098959158873033,-43.28928539636444,1
CHAPADA DO GATO  ,-5.608737428878793,-43.012949781066624,1
LOCALIDADE BOI DE CARRO  ,-7.537216170561913,-41.14974364694958,1
BATINGA  ,-6.781371042734339,-40.78441017778115,1
ODILANDIA  ,-6.749081672353973,-40.80352931986821,1
VIANA  ,-6.791500148210679,-40.785300767170966,1
SERRA DO GAVIAO  ,-6.897539558543879,-40.81689637567209,1
SERRA DO TRAVESSAO  ,-6.854617773628763,-40.83892715989823,1
QUEIMADA GRANDE  ,-6.868211304709956,-40.78464613355203,1
CHAPADA DO BARRO (ENGANO)  ,-7.462071859769771,-41.10774119812256,1
SITIO ZE NOVO  ,-9.063729658421492,-42.8949678902085,1
TANQUE VELHO  ,-9.044494845420653,-42.93507541802883,1
BAIXA DO REGO  ,-8.954307216498002,-42.71437138626389,2
MUCAMBO  ,-8.851843125719459,-42.99845031464773,1
GARCA  ,-9.00523909296703,-42.64043105608093,1
GAMELEIRA 2,-9.00932577353039,-42.8457768377672,2
"CHAPADA / ASS. COMUNIDADE JOAO DE
  SOUSA  ",-7.638028839985888,-40.82035000864552,1
"MONTE SOMBRIO / ASS. COMUNIDADE JOAO DE
  SOUSA  ",-7.611897206909616,-40.80863188734143,1
"SAO MIGUEL / ASS. COMUNIDADE JOAO DE
  SOUSA  ",-7.604833112400585,-40.76399893449635,1
ALTO ALEGRE  ,-7.270763211918662,-40.97765002983647,1
