PLANILHA,ORDEM,CONTRATO,LOCALIDADES,DATA_DE_PERFURACAO,DATA_DE_INSTALACAO,SITUACAO,LATITUDE_DMS,LONGITUDE_DMS,LATITUDE_POCOS,LONGITUDE_POCOS,DATA_DE_INTALACAO
70284,,,INHUMA,16/08/2024,3/22/2025,PERFURADO E INSTALADO,06°40'53.22''S,41°38'58.14''W,-6.68145,-41.649483,
70284,,,INHUMA,02/10/2024,2/23/2025,PERFURADO E INSTALADO,06°38'11.58''S,41°43'13.06''W,-6.63655,-41.720294,
70284,,,INHUMA,26/10/2024,3/20/2025,PERFURADO E INSTALADO,06°38'6.28''S,41°48'29.74''W,-6.635078,-41.808261,
70284,,,LUIS CORREIA,29/11/2024,,PERFURADO E INSTALADO,02°53'53.5''S,41°39'37.7''W,-2.898194,-41.660472,
70284,,,PAU DARCO DO PIAUI,25/07/2024,4/10/2025,PERFURADO E INSTALADO,05°15'3.60''S,42°23'6.1''W,-5.250999,-42.385028,
70284,,,SANTA ROSA DO PIAUI,25/08/2024,1/28/2025,PERFURADO E INSTALADO,06°49'4.00''S,42°10'58.00''W,-6.817778,-42.182778,
70284,,,SANTA ROSA DO PIAUI,25/08/2024,1/31/2025,PERFURADO E INSTALADO,06°47'55.00''S,42°9'55.00''W,-6.798611,-42.165278,
70284,,,SANTA ROSA DO PIAUI,26/08/2024,5/29/2025,PERFURADO E INSTALADO,06°48'53.00''S,42°13'15.00''W,-6.814722,-42.220833,
70284,,,SIGEFREDO PACHECO,01/12/2024,4/4/2025,PERFURADO E INSTALADO,04°58'18.746,41°46'29.136,-4.971874,-41.77476,
70284,,,SIGEFREDO PACHECO,02/12/2024,2/24/2025,PERFURADO E INSTALADO,04°52'22.91''S,41°40'56.89''W,-4.873031,-41.682469,
70284,,,SIGEFREDO PACHECO,04/12/2024,3/30/2025,PERFURADO E INSTALADO,05°10'34.50''S,41°54'18.39''W,-5.17625,-41.905108,
70284,,,TERESINA,14/03/2025,,PERFURADO E INSTALADO,04°59'34.87''S,42°41'49.95''W,-4.992964,-42.696097,
70284,,,TERESINA,15/04/2025,,PERFURADO E INSTALADO,04°59'43.53''S,42°38'20.76''W,-4.995425,-42.6381,
70284,,,TERESINA,01/04/2025,IMPRODUTIVO,IMPRODUTIVO,04°59'43.53''S,42°38'20.76''W,-4.995425,-42.6381,
70285,1,,AGUA BRANCA,17/11/2024,2/6/2025,PERFURADO E INSTALADO,05°53'8.67''S,42°39'21.51''W,-5.885741,-42.656031,
70285,2,,ANGICAL DO PIAUI,17/11/2024,,"PERFURADO, AGUARDANDO INSTALACAO",06°06'48.40''S,42°43'07.31''W,-6.113444,-42.718647,
70285,3,,ANGICAL DO PIAUI,19/11/2024,,"PERFURADO, AGUARDANDO INSTALACAO",06°05'43.39''S,42°44'47.84''W,-6.095386,-42.746622,
70285,4,,ANGICAL DO PIAUI,21/11/2024,2/10/2025,PERFURADO E INSTALADO,06°02'27.48''S,42°44'48.93''W,-6.040967,-42.746925,
70285,5,,BREJO DO PIAUI,23/05/2024,8/1/2024,PERFURADO E INSTALADO,08°15'07.85''S,42°47'44.38''W,-8.251069,-42.795661,
70285,6,,BREJO DO PIAUI,25/05/2024,7/25/2024,PERFURADO E INSTALADO,08°08'29.29''S,42°51'43.36''W,-8.141469,-42.862044,
70285,7,,BREJO DO PIAUI,27/05/2024,7/21/2024,PERFURADO E INSTALADO,08°17'22.97''S,42°36'16.20''W,-8.289158,-42.6045,
70285,8,,CAJAZEIRAS DO PIAUI,28/08/2024,,"PERFURADO, AGUARDANDO INSTALACAO",06°49'40.18''S,42°32'01.59''W,-6.827828,-42.533775,
70285,9,,CAJAZEIRAS DO PIAUI,29/08/2024,3/31/2025,PERFURADO E INSTALADO,06°50'24.809''S,42°27'32.55''W,-6.840224,-42.459042,
70285,10,,CAJAZEIRAS DO PIAUI,29/08/2024,3/28/2025,PERFURADO E INSTALADO,06°47'05.719''S,42°28'15.93''W,-6.784922,-42.470536,
70285,11,,CURIMATA,09/09/2024,11/20/2024,PERFURADO E INSTALADO,09°56'56.29''S,44°14'24.65''W,-9.948969,-44.240181,
70285,12,,DIRCEU ARCOVERDE,18/06/2024,9/29/2024,APENAS INSTALACAO,09°22'56.71''S,42°38'14.00''W,-9.382419,-42.637222,
70285,13,,DIRCEU ARCOVERDE,20/06/2024,9/27/2024,APENAS INSTALACAO,09°19'34.17''S,42°27'34.72''W,-9.326158,-42.459644,
70285,14,,DIRCEU ARCOVERDE,21/06/2024,10/26/2024,APENAS INSTALACAO,09°27'44.34''S,42°31'58.78''W,-9.462317,-42.532994,
70285,15,,DIRCEU ARCOVERDE,19/06/2024,10/31/2024,APENAS INSTALACAO,09°21'24.87''S,42°35'52.59''W,-9.356908,-42.598003,
70285,16,,DIRCEU ARCOVERDE,17/06/2024,11/7/2024,APENAS INSTALACAO,09°18'06.92,42°29'54.71,-9.301922,-42.498531,
70285,17,,DIRCEU ARCOVERDE,22/06/2024,11/28/2024,APENAS INSTALACAO,09°14'18.85,42°23'48.05,-9.238569,-42.396681,
70285,18,,ELESBAO VELOSO,03/08/2024,6/5/2025,PERFURADO E INSTALADO,06°24'1.55''S,42°6'29.38''W,-6.400431,-42.108161,
70285,19,,ELESBAO VELOSO,04/08/2024,6/2/2025,PERFURADO E INSTALADO,06°19'38.00''S,42°17'8.00''W,-6.327222,-42.285556,
70285,20,,ELESBAO VELOSO,23/08/2024,,"PERFURADO, AGUARDANDO INSTALACAO",06°00'37.40''S,42°14'44.66''W,-6.010389,-42.245739,
70285,21,,FLORES DO PIAUI,16/11/2024,12/13/2024,PERFURADO E INSTALADO,07°48'14.02''S,43°1'21.75''W,-7.80495,-43.022708,
70285,22,,FLORESTA DO PIAUI,16/09/2024,,"PERFURADO, AGUARDANDO INSTALACAO",07°28'13.309''S,41°46'22.639''W,-7.470363,-41.772955,
70285,23,,FLORESTA DO PIAUI,18/09/2024,5/22/2025,PERFURADO E INSTALADO,07°27'32.44''S,41°45'03.24''W,-7.459011,-41.7509,
70285,24,,FLORESTA DO PIAUI,20/09/2024,5/26/2025,PERFURADO E INSTALADO,07°27'25.41''S,41°50'05.89''W,-7.457058,-41.834969,
70285,25,,GILBUES,14/11/2024,5/14/2025,"PERFURADO, AGUARDANDO INSTALACAO",09°55'31.60''S,45°18'16.10''W,-9.925444,-45.304472,
70285,26,,GILBUES,29/11/2024,5/16/2025,"PERFURADO, AGUARDANDO INSTALACAO",09°53'30.10''S,45°21'35.80''W,-9.891694,-45.359944,
70285,27,,GILBUES,30/11/2024,5/18/2025,"PERFURADO, AGUARDANDO INSTALACAO",09°55'31.60''S,45°18'16.10''W,-9.925444,-45.304472,
70285,28,,INHUMA,28/10/2024,IMPRODUTIVO,IMPRODUTIVO,06°39'5.83,41°34'28.04,-6.651619,-41.574456,
70285,29,,INHUMA,29/10/2024,1/26/2025,PERFURADO E INSTALADO,06°40'13.83''S,41°41'3.11,-6.670508,-41.684197,
70285,30,,ITAUEIRA,25/09/2024,4/6/2025,"PERFURADO, AGUARDANDO INSTALACAO",07°34'51.03''S,43°00'38.74''W,-7.580841,-43.010761,
70285,31,,ITAUEIRA,27/09/2024,4/9/2025,"PERFURADO, AGUARDANDO INSTALACAO",07°31'42.85''S,43°04'44.81''W,-7.528569,-43.079114,
70285,32,,ITAUEIRA,30/09/2024,4/13/2025,"PERFURADO, AGUARDANDO INSTALACAO",07°41'00.20''S,43°00'44.59''W,-7.683389,-43.012386,
70285,33,,JOAO COSTA,12/11/2024,,"PERFURADO, AGUARDANDO INSTALACAO",08°31'25.94''S,42°18'18.72''W,-8.523872,-42.3052,
70285,34,,JOAO COSTA,09/11/2024,IMPRODUTIVO,IMPRODUTIVO,08°32'45.78''S,42°14'02.37''W,-8.54605,-42.233992,
70285,35,,LANDRI SALES,27/09/2024,5/11/2025,PERFURADO E INSTALADO,07°12'58.5''S,43°54'58.1''W,-7.21625,-43.916139,
70285,36,,LANDRI SALES,01/10/2024,5/6/2025,PERFURADO E INSTALADO,07°18'24.34''S,43°55'16.67''W,-7.306761,-43.921297,
70285,37,,LANDRI SALES,02/11/2024,5/8/2025,PERFURADO E INSTALADO,07°17'33.50''S,43°55'06.64''W,-7.292639,-43.918511,
70285,38,,PAJEU DO PIAUI,05/11/2024,5/7/2025,"PERFURADO, AGUARDANDO INSTALACAO",07°58'38.95''S,42°58'43.46''W,-7.977486,-42.978739,
70285,39,,PAJEU DO PIAUI,30/10/2024,5/10/2025,"PERFURADO, AGUARDANDO INSTALACAO",07°52'29.33''S,42°49'02.93''W,-7.874814,-42.817481,
70285,40,,PAJEU DO PIAUI,01/11/2024,5/15/2025,"PERFURADO, AGUARDANDO INSTALACAO",07°50'14.63''S,42°48'29.80''W,-7.837397,-42.808278,
70285,41,,PEDRO LAURENTINO,12/09/2024,12/16/2024,PERFURADO E INSTALADO,08°04'00.83''S,42°17'29.45''W,-8.066897,-42.291514,
70285,42,,PIO IX,04/09/2024,,"PERFURADO, AGUARDANDO INSTALACAO",06°49'07.36''S,40°37'06.82''W,-6.818711,-40.618561,
70285,43,,PIO IX,07/09/2024,,IMPRODUTIVO,06°49'17.36,40°28'13.58,-6.821489,-40.470439,
70285,44,,PIO IX,10/09/2024,2/14/2025,PERFURADO E INSTALADO,06°50'40.40,40°26'11.04,-6.844556,-40.4364,
70285,45,,PIO IX,12/09/2024,,IMPRODUTIVO,06°48'42.123''S,40°26'4.606''W,-6.811701,-40.434613,
70285,46,,PIO IX,08/09/2024,,IMPRODUTIVO,06°48'27.40,40°24'10.94,-6.807611,-40.403039,
70285,47,,SAO JOAO DO PIAUI,05/09/2024,5/17/2025,PERFURADO E INSTALADO,08°21'47.31, 41°59'57.74,-8.363142,-41.999372,
70285,48,,SAO JOAO DO PIAUI,06/09/2024,4/15/2025,PERFURADO E INSTALADO,08°20'10.48''S, 42°2'34.51''W,-8.336244,-42.042919,
70285,49,,SAO JOAO DO PIAUI,10/09/2024,4/19/2025,PERFURADO E INSTALADO,08°21'28.01,42°12'04.00,-8.35778,-42.201111,
70285,51,,SAO RAIMUNDO DO NONATO,03/08/2024,IMPRODUTIVO,IMPRODUTIVO,09°0'21.413,42° 38' 20.990,-9.006003,-42.639164,
70285,52,,SAO RAIMUNDO DO NONATO,05/08/2024,11/5/2024,PERFURADO E INSTALADO,9°2'49.175,42° 39' 7.214,-9.047993,-42.652004,
70285,53,,SAO RAIMUNDO DO NONATO,06/08/2024,11/1/2024,PERFURADO E INSTALADO,08°59'38.155,42° 43' 17.904,-8.993932,-42.72164,
70285,54,,SAO RAIMUNDO DO NONATO,07/08/2024,IMPRODUTIVO,IMPRODUTIVO,09°0'48.838,42° 50' 11.450,-9.013566,-42.836514,
70285,55,,SAO RAIMUNDO DO NONATO,08/08/2024,IMPRODUTIVO,IMPRODUTIVO,09°0'5.468,42° 50' 53.362,-9.001519,-42.848156,
70285,56,,SAO RAIMUNDO DO NONATO,10/09/2024,11/3/2024,PERFURADO E INSTALADO,09°1'2.178''S,42°46'16.68''W,-9.017271,-42.7713,
70285,57,,SAO RAIMUNDO DO NONATO,10/09/2024,11/8/2024,PERFURADO E INSTALADO,08°59'44.44''S,42°46'5.273''W,-8.995678,-42.768131,
70285,58,,SAO RAIMUNDO DO NONATO,12/09/2024,11/4/2024,PERFURADO E INSTALADO,09°3'12.514,42° 45' 1.825,-9.053476,-42.750507,
70285,59,,SUSSUAPARA,07/03/2024,5/5/2024,PERFURADO E INSTALADO,06°58'38.030''S,41°24'47.480''W,-6.977231,-41.413189,
70285,60,,SUSSUAPARA,09/03/2024,5/5/2024,PERFURADO E INSTALADO,07°01'27.379''S,41°22'57.800''W,-7.024272,-41.382722,
70285,61,,SUSSUAPARA,13/03/2024,4/30/2024,PERFURADO E INSTALADO,07°01'30.899''S,41°24'04.639''W,-7.025249,-41.401288,
70285,62,,SUSSUAPARA,17/03/2024,5/10/2024,PERFURADO E INSTALADO,06°57'24.643''S,41°26'8.799''W,-6.956845,-41.435778,
70285,63,,SUSSUAPARA,22/03/2024,6/16/2024,PERFURADO E INSTALADO,07°00'07.150''S,41°24'30.449''W,-7.001986,-41.408458,
7441,33,,CURRALINHOS,19/07/2023,12/9/2023,PERFURADO E INSTALADO,07°14'58.76,43°58'20.64,-7.249655,-43.9724,
7441,34,,CURRALINHOS,20/07/2023,12/11/2023,PERFURADO E INSTALADO,07°22'47.69,43°56'09.32,-7.379914,-43.935922,
7441,50,,ISAIAS COELHO,24/03/2023,11/14/2023,PERFURADO E INSTALADO,07°12'49.76,43°54'33.14,-7.213822,-43.909205,
7441,52,,ISAIAS COELHO,23/03/2023,12/15/2024,PERFURADO E INSTALADO,07°12'56.74,43°53'49.05,-7.215761,-43.896958,
7441,53,,ISAIAS COELHO,16/04/2023,10/18/2023,PERFURADO E INSTALADO,06°42'27.94,40°56'25.19,-6.707761,-40.940331,
7441,54,,ISAIAS COELHO,14/04/2023,10/10/2023,PERFURADO E INSTALADO,09°38'54.018''S,44°37'8.016''W,-9.648338,-44.618893,
7441,68,,LANDRI SALES,01/05/2023,11/30/2023,PERFURADO E INSTALADO,09°23'42.21''S,44°26'42.342''W,-9.395058,-44.445095,
7441,69,,LANDRI SALES,03/05/2023,1/16/2024,PERFURADO E INSTALADO,09°28'21.64,44°21'56.91,-9.472678,-44.365808,
7441,70,,LANDRI SALES,28/04/2023,1/31/2024,PERFURADO E INSTALADO,09°28'10.03,44°29'32.29,-9.469453,-44.492303,
7441,71,,LANDRI SALES,30/04/2023,1/30/2024,PERFURADO E INSTALADO,08°56'42.40,44°10'49.13,-8.945111,-44.180314,
7441,84,,PIO IX,22/01/2023,12/5/2023,PERFURADO E INSTALADO,08°53'53.31,44°09'24.73,-8.898697,-44.156869,
7441,99,,REDENCAO DO GURGUEIA,09/06/2023,11/27/2023,PERFURADO E INSTALADO,08°28'06.93,44°06'46.08,-8.468036,-44.1128,
7441,100,,REDENCAO DO GURGUEIA,12/06/2023,11/18/2023,PERFURADO E INSTALADO,09°00'23.04,44°04'22.33,-9.0064,-44.073981,
7441,101,,REDENCAO DO GURGUEIA,19/06/2023,11/21/2023,PERFURADO E INSTALADO,06°50'39.40''S,41°32'27.16''W,-6.844278,-41.540877,
7441,102,,REDENCAO DO GURGUEIA,17/06/2023,11/24/2023,PERFURADO E INSTALADO,06°49'38.53''S,41°35'10.41''W,-6.827369,-41.586225,
7441,105,,SANTA LUZ,11/05/2023,11/18/2023,PERFURADO E INSTALADO,03°52'23.85''S,41°21'8.862''W,-3.873292,-41.352462,
7441,106,,SANTA LUZ,12/05/2023,11/15/2023,PERFURADO E INSTALADO,04°6'54.564''S,41°15'0.534''W,-4.115156,-41.250148,
7441,107,,SANTA LUZ,10/05/2023,11/21/2023,PERFURADO E INSTALADO,04°0'13.902''S,41°14'53.346''W,-4.003862,-41.248152,
7441,108,,SANTA LUZ,07/05/2023,11/23/2023,PERFURADO E INSTALADO,04°21'15.096''S,41°17'4.086''W,-4.354193,-41.284468,
7441,110,,SANTANA DO PIAUI,29/11/2023,2/9/2024,PERFURADO E INSTALADO,06°31'47.10,42°16'08.17,-6.52975,-42.268936,
7441,111,,SANTANA DO PIAUI,05/12/2023,1/26/2024,PERFURADO E INSTALADO,06°38'35.13,42°09'46.93,-6.643092,-42.162481,
7441,119,,SAO JOAO DA FRONTEIRA,27/07/2023,1/11/2024,PERFURADO E INSTALADO,06°32'59.95,42°10'53.78,-6.549986,-42.181606,
7441,120,,SAO JOAO DA FRONTEIRA,25/07/2023,1/8/2024,PERFURADO E INSTALADO,06°30'06.61,42°11'41.27,-6.501836,-42.194797,
7441,121,,SAO JOAO DA FRONTEIRA,23/07/2023,12/9/2023,PERFURADO E INSTALADO,07°12'59.50,40°57'44.32,-7.216528,-40.962311,
7441,122,,SAO JOAO DA FRONTEIRA,24/07/2023,12/11/2023,PERFURADO E INSTALADO,07°11'02.14,40°57'07.16,-7.183928,-40.952989,
7441,135,,VARZEA GRANDE,25/04/2023,8/7/2023,PERFURADO E INSTALADO,07°13'18.60,40°54'58.89,-7.221833,-40.916358,
7441,136,,VARZEA GRANDE,22/04/2023,9/29/2023,PERFURADO E INSTALADO,06°38'35.13,42°09'46.93,-6.643092,-42.162481,
7441,137,,VARZEA GRANDE,20/04/2023,8/11/2023,PERFURADO E INSTALADO,06°32'59.95,42°10'53.78,-6.549986,-42.181606,
7441,138,,VARZEA GRANDE,10/05/2023,9/25/2023,PERFURADO E INSTALADO,06°30'06.61,42°11'41.27,-6.501836,-42.194797,
7441,140,,VILA NOVA DO PIAUI,27/02/2023,12/15/2023,PERFURADO E INSTALADO,07°12'59.50,40°57'44.32,-7.216528,-40.962311,
7441,141,,VILA NOVA DO PIAUI,07/03/2023,10/6/2023,PERFURADO E INSTALADO,07°11'02.14,40°57'07.16,-7.183928,-40.952989,
7441,142,,VILA NOVA DO PIAUI,01/03/2023,9/19/2023,PERFURADO E INSTALADO,07°13'18.60,40°54'58.89,-7.221833,-40.916358,
7233,33,,BRASILEIRA,14/10/2023,,PERFURADO,04°11'39.71,41°44'50.74,-4.194364,-41.747428,
7233,39,,CARACOL,19/10/2023,3/12/2024,PERFURADO/INSTALADO,09°20'23.90,43°18'53.80,-9.339972,-43.314944,
7233,40,,CARACOL,21/10/2023,2/9/2024,PERFURADO/SECO,09°16'58.19,43°18'31.19,-9.28283,-43.308664,
7233,41,,CARACOL,22/10/2023,3/17/2024,PERFURADO/INSTALADO,09°14'44.49,43°14'13.50,-9.245692,-43.237083,
7233,30,,DIRCEU ARCOVERDE,14/04/2023,12/4/2023,PERFURADO/INSTALADO,09°11'40.70,42°20'22.25,-9.194639,-42.339514,
7233,31,,DIRCEU ARCOVERDE,16/04/2023,,PERFURADO/SECO,09°13'33.73,42°16'26.44,-9.226036,-42.273456,
7233,32,,DIRCEU ARCOVERDE,17/04/2023,12/2/2023,PERFURADO/INSTALADO,09°14'06.59,42°17'23.71,-9.235164,-42.290975,
7233,20,,FRANCISCO MACEDO,19/04/2023,11/18/2023,PERFURADO/INSTALADO,07°18'49.22,40°46'38.44,-7.313672,-40.777344,
7233,21,,FRANCISCO MACEDO,18/05/2023,11/15/2023,PERFURADO/INSTALADO,07°19'27.92,40°45'32.93,-7.324422,-40.758036,
7233,22,,FRANCISCO MACEDO,17/05/2023,,PERFURADO/SECO,07°18'57.74,40°45'01.97,-7.315983,-40.750547,
7233,23,,JOSE DE FREITAS,13/08/2023,7/15/2024,PERFURADO,04°39'11.10,42°38'19.51,-4.653083,-42.638753,
7233,24,,PIO IX,20/04/2023,11/25/2023,PERFURADO/INSTALADO,06°50'05.12,40°37'15.32,-6.834756,-40.620867,
7233,25,,PIO IX,25/04/2023,11/30/2023,PERFURADO/INSTALADO,06°56'53.83,40°37'15.32,-6.948286,-40.620867,
7233,26,,PIO IX,09/05/2023,11/22/2023,PERFURADO/INSTALADO,06°53'38.26,40°37'56.99,-6.893961,-40.632497,
7233,27,,PIO IX,11/05/2023,,PERFURADO,06°45'37.87,40°37'31.65,-6.760519,-40.625458,
7233,28,,PIO IX,10/05/2023,,PERFURADO/SECO,06°48'32.74,40°37'31.65,-6.808539,-40.625458,
7233,29,,PIO IX,22/04/2023,,PERFURADO/INSTALADO,06°52'42.49,40°37'31.30,-6.878469,-40.625361,
ANO 2025,1,,TERESINA,14/03/2025,,PERFURADO E INSTALADO,04°59'34.87''S,42°41'49.95''W,-4.992964,-42.697208,
ANO 2025,2,,TERESINA,15/04/2025,,PERFURADO E INSTALADO,04°59'43.53''S,42°38'20.76''W,-4.995425,-42.6391,
ANO 2025,3,,TERESINA,01/04/2025,,IMPRODUTIVO,04°59'43.53''S,42°38'20.76''W,-4.995425,-42.6391,
ANO 2024,1,,AGUA BRANCA,17/11/2024,2/6/2025,PERFURADO E INSTALADO,05°53'8.67''S,42°39'21.51''W,-5.885741,-42.656031,
ANO 2024,4,,ANGICAL DO PIAUI,21/11/2024,2/10/2025,PERFURADO E INSTALADO,06°02'27.48''S,42°44'48.93''W,-6.040967,-42.746925,
ANO 2024,9,,BELEM DO PIAUI,18/06/2024,12/17/2024,PERFURADO E INSTALADO,07°23'26.81''S,41°00'44.03''W,-7.390781,-41.012231,
ANO 2024,11,,BENEDITINOS,30/07/2024,12/4/2024,PERFURADO E INSTALADO,05°36'56.878''S,42°23'53.736''W,-5.615799,-42.39826,
ANO 2024,12,,BENEDITINOS,31/07/2024,12/7/2024,PERFURADO E INSTALADO,05°28'14.070''S,42°19'16.655''W,-5.470575,-42.321293,
ANO 2024,13,,BREJO DO PIAUI,23/05/2024,8/1/2024,PERFURADO E INSTALADO,08°15'07.85''S,42°47'44.38''W,-8.252181,-42.795661,
ANO 2024,14,,BREJO DO PIAUI,25/05/2024,7/25/2024,PERFURADO E INSTALADO,08°08'29.29''S,42°51'43.36''W,-8.141469,-42.862044,
ANO 2024,15,,BREJO DO PIAUI,27/05/2024,7/21/2024,PERFURADO E INSTALADO,08°17'22.97''S,42°36'16.20''W,-8.289714,-42.6045,
ANO 2024,16,,BURITI DOS MONTES,07/07/2024,8/12/2024,PERFURADO E INSTALADO,05°21'58.61''S,41°2'45.34''W,-5.366281,-41.045928,
ANO 2024,17,,BURITI DOS MONTES,11/07/2024,9/12/2024,PERFURADO E INSTALADO,05°21'22.86''S,41°2'24.77''W,-5.35635,-41.040214,
ANO 2024,18,,BURITI DOS MONTES,12/07/2024,7/30/2024,PERFURADO E INSTALADO,05°18'43.90''S,41°5'16.36''W,-5.312194,-41.087878,
ANO 2024,19,,BURITI DOS MONTES,15/07/2024,8/14/2024,PERFURADO E INSTALADO,05°17'42.81''S,41°5'40.53''W,-5.295225,-41.094592,
ANO 2024,20,,BURITI DOS MONTES,14/07/2024,8/11/2024,PERFURADO E INSTALADO,05°19'18.21''S,41°6'25.93''W,-5.321725,-41.107203,
ANO 2024,21,,BURITI DOS MONTES,16/07/2024,7/31/2024,PERFURADO E INSTALADO,05°19'46.33''S,41°13'33.71''W,-5.329536,-41.226031,
ANO 2024,22,,BURITI DOS MONTES,21/07/2024,8/7/2024,PERFURADO E INSTALADO,05°6'54.87''S,41°24'21.15''W,-5.115242,-41.405875,
ANO 2024,23,,BURITI DOS MONTES,25/07/2024,9/23/2024,PERFURADO E INSTALADO,05°11'29.61''S,40°57'36.55''W,-5.191558,-40.960153,
ANO 2024,24,,BURITI DOS MONTES,30/07/2024,9/8/2024,PERFURADO E INSTALADO,05°18'4.66''S,41°11'43.52''W,-5.301294,-41.195422,
ANO 2024,25,,BURITI DOS MONTES,31/07/2024,9/19/2024,PERFURADO E INSTALADO,05°19'55.74''S,41°15'38.61''W,-5.33215,-41.260725,
ANO 2024,26,,BURITI DOS MONTES,31/07/2024,9/16/2024,PERFURADO E INSTALADO,05°23'42.27''S,41°4'30.09''W,-5.395075,-41.075025,
ANO 2024,28,,CAJAZEIRAS DO PIAUI,29/08/2024,3/31/2025,PERFURADO E INSTALADO,06°50'24.809''S,42°27'32.55''W,-6.840225,-42.459042,
ANO 2024,29,,CAJAZEIRAS DO PIAUI,29/08/2024,3/28/2025,PERFURADO E INSTALADO,06°47'05.719''S,42°28'15.93''W,-6.784922,-42.471092,
ANO 2024,30,,CANTO DO BURITI,22/07/2024,9/29/2024,PERFURADO E INSTALADO,08°07'48.53,42°59'14.76,-8.130147,-42.987433,
ANO 2024,31,,CANTO DO BURITI,23/07/2024,9/26/2024,PERFURADO E INSTALADO,08°03'32.66,43°00'29.77,-8.059072,-43.008269,
ANO 2024,32,,CANTO DO BURITI,24/07/2024,9/27/2024,PERFURADO E INSTALADO,08°01'27.04,43°01'00.45,-8.024178,-43.016792,
ANO 2024,33,,CANTO DO BURITI,26/07/2024,9/30/2024,PERFURADO E INSTALADO,08°10'11.14,43°02'40.31,-8.169761,-43.044531,
ANO 2024,34,,CANTO DO BURITI,29/07/2024,10/4/2024,PERFURADO E INSTALADO,08°12'45.42,43°02'14.50,-8.212617,-43.037361,
ANO 2024,35,,CANTO DO BURITI,05/08/2024,10/3/2024,PERFURADO E INSTALADO,08°10'11.29''S,43°8'35.83''W,-8.169803,-43.143286,
ANO 2024,36,,CASTELO DO PIAUI,05/12/2024,2/6/2025,PERFURADO E INSTALADO,05°11'55.81''S,41°44'10.79''W,-5.198836,-41.736331,
ANO 2024,37,,CASTELO DO PIAUI,07/12/2024,12/13/2024,PERFURADO E INSTALADO,05°20'12.82''S,41°41'14.75''W,-5.336894,-41.687431,
ANO 2024,38,,CASTELO DO PIAUI,13/12/2024,2/2/2025,PERFURADO E INSTALADO,05°34'58.79''S,41°34'19.45''W,-5.582997,-41.571736,
ANO 2024,39,,CASTELO DO PIAUI,15/12/2024,1/30/2025,PERFURADO E INSTALADO,05°11'47.19''S,41°24'1.4''W,-5.196442,-41.400389,
ANO 2024,47,,CURIMATA,31/08/2024,11/17/2024,PERFURADO E INSTALADO,09°51'39.49''S,44°13'31.66''W,-9.860969,-44.225461,
ANO 2024,48,,CURIMATA,11/09/2024,11/20/2024,PERFURADO E INSTALADO,09°51'16.53''S,44°24'30.35''W,-9.854591,-44.408431,
ANO 2024,49,,CURIMATA,27/09/2024,11/18/2024,PERFURADO E INSTALADO,09°49'28.51''S,44°23'47.08''W,-9.824586,-44.396411,
ANO 2024,50,,CURIMATA,29/09/2024,11/16/2024,PERFURADO E INSTALADO,09°55'36.63,44°19'38.60,-9.926842,-44.327389,
ANO 2024,51,,CURIMATA,02/10/2024,11/21/2024,PERFURADO E INSTALADO,09°57'08.38''S,44°07'30.46''W,-9.952328,-44.125128,
ANO 2024,53,,CURIMATA,09/09/2024,11/20/2024,PERFURADO E INSTALADO,09°56'56.29''S,44°14'24.65''W,-9.948969,-44.240181,
ANO 2024,54,,CURRALINHOS,13/02/2024,5/14/2024,PERFURADO E INSTALADO,05°35'35.60''S,42°49'18.60''W,-5.593222,-42.821833,
ANO 2024,55,,CURRALINHOS,03/03/2024,5/14/2024,PERFURADO E INSTALADO,05°33'48.00''S,42°47'26.40''W,-5.563333,-42.790667,
ANO 2024,56,,DIRCEU ARCOVERDE,18/06/2024,9/29/2024,PERFURADO E INSTALADO,09°22'56.71''S,42°38'14.00''W,-9.382419,-42.637778,
ANO 2024,57,,DIRCEU ARCOVERDE,20/06/2024,9/27/2024,PERFURADO E INSTALADO,09°19'34.17''S,42°27'34.72''W,-9.323936,-42.459644,
ANO 2024,58,,DIRCEU ARCOVERDE,21/06/2024,10/26/2024,PERFURADO E INSTALADO,09°27'44.34''S,42°31'58.78''W,-9.462315,-42.532994,
ANO 2024,59,,DIRCEU ARCOVERDE,19/06/2024,10/31/2024,PERFURADO E INSTALADO,09°21'24.87''S,42°35'52.59''W,-9.356908,-42.598497,
ANO 2024,60,,DIRCEU ARCOVERDE,17/06/2024,11/7/2024,PERFURADO E INSTALADO,09°18'06.92,42°29'54.71,-9.301922,-42.498531,
ANO 2024,61,,DIRCEU ARCOVERDE,22/06/2024,11/28/2024,PERFURADO E INSTALADO,09°14'18.85,42°23'48.05,-9.238569,-42.396681,
ANO 2024,62,,ELESBAO VELOSO,03/08/2024,6/5/2025,PERFURADO E INSTALADO,06°24'1.55''S,42°6'29.38''W,-6.400431,-42.108161,
ANO 2024,63,,ELESBAO VELOSO,04/08/2024,6/2/2025,PERFURADO E INSTALADO,06°19'38.00''S,42°17'8.00''W,-6.327222,-42.285556,
ANO 2024,65,,FLORES DO PIAUI,20/04/2024,7/25/2024,PERFURADO E INSTALADO,07°39'39.08''S,42°53'39.56''W,-7.660855,-42.894322,
ANO 2024,67,,FLORES DO PIAUI,12/04/2024,7/11/2024,PERFURADO E INSTALADO,07°44'41.56''S,42°56'27.44''W,-7.744877,-42.940956,
ANO 2024,68,,FLORES DO PIAUI,22/04/2024,7/21/2024,PERFURADO E INSTALADO,07°39'25.06''S,42°49'24.10''W,-7.656961,-42.823361,
ANO 2024,69,,FLORES DO PIAUI,26/03/2024,4/30/2024,PERFURADO E INSTALADO,07°46'04.05''S,42°59'16.88''W,-7.767792,-42.987978,
ANO 2024,70,,FLORES DO PIAUI,28/04/2024,5/19/2024,PERFURADO E INSTALADO,07°47'06.9''S,42°58'37.7''W,-7.78525,-42.976028,
ANO 2024,71,,FLORES DO PIAUI,01/05/2024,5/21/2024,PERFURADO E INSTALADO,07°47'43.3''S,42°58'01.2''W,-7.795361,-42.966999,
ANO 2024,72,,FLORES DO PIAUI,03/05/2024,7/16/2024,PERFURADO E INSTALADO,07°43'10.302''S,42°57'20.773''W,-7.719528,-42.95577,
ANO 2024,73,,FLORES DO PIAUI,07/05/2024,7/30/2024,PERFURADO E INSTALADO,07°51'16.00''S,42°54'13.00''W,-7.854444,-42.903611,
ANO 2024,74,,FLORES DO PIAUI,,8/7/2024,PERFURADO E INSTALADO,7°50'02.8,43°01'11.6,-7.834111,-43.019889,
ANO 2024,75,,FLORES DO PIAUI,16/11/2024,12/13/2024,PERFURADO E INSTALADO,07°48'14.02''S,43°1'21.75''W,-7.803894,-43.022708,
ANO 2024,77,,FLORESTA DO PIAUI,18/09/2024,5/22/2025,PERFURADO E INSTALADO,07°27'32.44''S,41°45'03.24''W,-7.459011,-41.7509,
ANO 2024,78,,FLORESTA DO PIAUI,20/09/2024,5/26/2025,PERFURADO E INSTALADO,07°27'25.41''S,41°50'05.89''W,-7.456003,-41.834969,
ANO 2024,83,,FRANCISCO MACEDO,01/10/2024,12/7/2024,PERFURADO E INSTALADO,07°19'37.609''S,40°48'18.529''W,-7.326003,-40.805147,
ANO 2024,85,,GILBUES,14/11/2024,5/14/2025,PERFURADO E INSTALADO,09°55'31.60''S,45°18'16.10''W,-9.925444,-45.304472,
ANO 2024,86,,GILBUES,29/11/2024,5/16/2025,PERFURADO E INSTALADO,09°53'30.10''S,45°21'35.80''W,-9.891694,-45.359944,
ANO 2024,87,,GILBUES,30/11/2024,5/18/2025,PERFURADO E INSTALADO,09°55'31.60''S,45°18'16.10''W,-9.925444,-45.304472,
ANO 2024,89,,INHUMA,29/10/2024,1/26/2025,PERFURADO E INSTALADO,06°40'13.83''S,41°41'3.11,-6.670508,-41.684197,
ANO 2024,90,,INHUMA,16/08/2024,3/22/2025,PERFURADO E INSTALADO,06°40'53.22''S,41°38'58.14''W,-6.698117,-41.649483,
ANO 2024,91,,INHUMA,02/10/2024,2/23/2025,PERFURADO E INSTALADO,06°38'11.58''S,41°43'13.06''W,-6.63655,-41.720294,
ANO 2024,92,,INHUMA,26/10/2024,3/20/2025,PERFURADO E INSTALADO,06°38'6.28''S,41°48'29.74''W,-6.635078,-41.808261,
ANO 2024,93,,ITAUEIRA,25/09/2024,4/6/2025,PERFURADO E INSTALADO,07°34'51.03''S,43°00'38.74''W,-7.580841,-43.010761,
ANO 2024,94,,ITAUEIRA,27/09/2024,4/9/2025,PERFURADO E INSTALADO,07°31'42.85''S,43°04'44.81''W,-7.528014,-43.079114,
ANO 2024,95,,ITAUEIRA,30/09/2024,4/13/2025,PERFURADO E INSTALADO,07°41'00.20''S,43°00'44.59''W,-7.683389,-43.012386,
ANO 2024,101,,JUAZEIRO DO PIAUI,18/07/2024,9/14/2024,PERFURADO E INSTALADO,05°7'46.36''S,41°39'44.33''W,-5.129544,-41.662314,
ANO 2024,102,,JUAZEIRO DO PIAUI,21/07/2024,9/11/2024,PERFURADO E INSTALADO,05°10'18.16''S,41°43'29.00''W,-5.171711,-41.724722,
ANO 2024,103,,JUAZEIRO DO PIAUI,22/07/2024,9/12/2024,PERFURADO E INSTALADO,05°10'14.52''S,41°41'58.97''W,-5.1707,-41.699714,
ANO 2024,104,,JUREMA,24/08/2024,11/23/2024,PERFURADO E INSTALADO,09°07'56.51''S,43°06'25.75''W,-9.132364,-43.107153,
ANO 2024,106,,JUREMA,26/09/2024,11/15/2024,PERFURADO E INSTALADO,09°10'00.33''S,43°07'05.49''W,-9.166758,-43.118192,
ANO 2024,107,,JUREMA,27/09/2024,11/12/2024,PERFURADO E INSTALADO,09°19'56.70''S,43°06'50.80''W,-9.332417,-43.114111,
ANO 2024,108,,LAGOA DE SAO FRANCISCO,14/07/2024,9/17/2024,PERFURADO E INSTALADO,04°23'15.71''S,41°36'38.71''W,-4.387697,-41.610753,
ANO 2024,109,,LAGOA DE SAO FRANCISCO,15/07/2024,9/18/2024,PERFURADO E INSTALADO,04°20'51.87''S,41°33'49.92''W,-4.347742,-41.563867,
ANO 2024,110,,LAGOA DE SAO FRANCISCO,17/07/2024,9/20/2024,PERFURADO E INSTALADO,04°20'3.90''S,41°34'43.02''W,-4.334417,-41.578617,
ANO 2024,111,,LANDRI SALES,27/09/2024,5/11/2025,PERFURADO E INSTALADO,07°12'58.5''S,43°54'58.1''W,-7.21625,-43.916139,
ANO 2024,112,,LANDRI SALES,01/10/2024,5/6/2025,PERFURADO E INSTALADO,07°18'24.34''S,43°55'16.67''W,-7.306761,-43.921297,
ANO 2024,113,,LANDRI SALES,02/11/2024,5/8/2025,PERFURADO E INSTALADO,07°17'33.50''S,43°55'06.64''W,-7.292639,-43.918511,
ANO 2024,116,,MASSAPE DO PIAUI,08/06/2024,8/18/2024,PERFURADO E INSTALADO,07°30'20.42''S,41°12'50.37''W,-7.505672,-41.213436,
ANO 2024,117,,MASSAPE DO PIAUI,11/06/2024,9/17/2024,PERFURADO E INSTALADO,07°29'08.23''S,41°00'34.28''W,-7.485631,-41.009522,
ANO 2024,118,,MASSAPE DO PIAUI,10/07/2024,9/6/2024,PERFURADO E INSTALADO,07°34'23.769''S,41°7'3.329''W,-7.573269,-41.117591,
ANO 2024,119,,MASSAPE DO PIAUI,12/07/2024,8/20/2024,PERFURADO E INSTALADO,07°30'19.87''S,41°06'09.95''W,-7.505519,-41.102764,
ANO 2024,120,,MASSAPE DO PIAUI,15/07/2024,9/23/2024,PERFURADO E INSTALADO,07°26'08.17''S,41°08'31.34''W,-7.435603,-41.142594,
ANO 2024,121,,MASSAPE DO PIAUI,19/07/2024,9/11/2024,PERFURADO E INSTALADO,07°34'16.87''S,41°13'14.575''W,-7.571353,-41.220715,
ANO 2024,127,,PAJEU DO PIAUI,05/11/2024,5/7/2025,PERFURADO E INSTALADO,07°58'38.95''S,42°58'43.46''W,-7.977486,-42.978739,
ANO 2024,128,,PAJEU DO PIAUI,30/10/2024,5/10/2025,PERFURADO E INSTALADO,07°52'29.33''S,42°49'02.93''W,-7.874814,-42.817481,
ANO 2024,129,,PAJEU DO PIAUI,01/11/2024,5/15/2025,PERFURADO E INSTALADO,07°50'14.63''S,42°48'29.80''W,-7.837397,-42.808278,
ANO 2024,130,,PAU DARCO DO PIAUI,25/07/2024,4/10/2025,PERFURADO E INSTALADO,05°15'3.60''S,42°23'6.1''W,-5.251,-42.385028,
ANO 2024,131,,PEDRO LAURENTINO,14/09/2024,12/18/2024,PERFURADO E INSTALADO,08°03'49.29''S,42°17'47.34''W,-8.063692,-42.296483,
ANO 2024,132,,PEDRO LAURENTINO,15/09/2024,12/20/2024,PERFURADO E INSTALADO,08°04'45.18''S,42°16'57.65''W,-8.079217,-42.282681,
ANO 2024,133,,PEDRO LAURENTINO,12/09/2024,12/16/2024,PERFURADO E INSTALADO,08°04'00.83''S,42°17'29.45''W,-8.066897,-42.291514,
ANO 2024,134,,PIO IX,14/09/2024,12/5/2024,PERFURADO E INSTALADO,06°50'49.41''S,40°27'23.37''W,-6.847058,-40.456491,
ANO 2024,135,,PIO IX,17/09/2024,12/4/2024,PERFURADO E INSTALADO,06°49'2.39''S,40°27'58.85''W,-6.817331,-40.466903,
ANO 2024,138,,PIO IX,10/09/2024,2/14/2025,PERFURADO E INSTALADO,06°50'40.40,40°26'11.04,-6.844556,-40.4364,
ANO 2024,141,,PIO IX,22/08/2024,12/2/2024,PERFURADO E INSTALADO,06°56'38.65''S,40°46'59.27''W,-6.944069,-40.78313,
ANO 2024,144,,PIO IX,30/08/2024,11/30/2024,PERFURADO E INSTALADO,06°49'07.54''S,40°40'26.40''W,-6.818761,-40.673999,
ANO 2024,147,,PRATA DO PIAUI,26/07/2024,12/10/2024,PERFURADO E INSTALADO,05°40'31.00''S,42°11'58.00''W,-5.675278,-42.199444,
ANO 2024,148,,PRATA DO PIAUI,26/07/2024,12/13/2024,PERFURADO E INSTALADO,05°40'32.00''S,42°12'30.00''W,-5.675556,-42.208333,
ANO 2024,149,,RIBEIRA DO PIAUI,01/10/2024,12/20/2024,PERFURADO E INSTALADO,07°43'45.42''S,42°42'21.19''W,-7.729283,-42.705886,
ANO 2024,150,,RIBEIRA DO PIAUI,29/10/2024,12/17/2024,PERFURADO E INSTALADO,07°50'36.90''S,42°39'7.66''W,-7.843583,-42.651016,
ANO 2024,151,,SANTA ROSA DO PIAUI,25/08/2024,1/28/2025,PERFURADO E INSTALADO,06°49'4.00''S,42°10'58.00''W,-6.817778,-42.182778,
ANO 2024,152,,SANTA ROSA DO PIAUI,25/08/2024,1/31/2025,PERFURADO E INSTALADO,06°47'55.00''S,42°9'55.00''W,-6.798611,-42.165278,
ANO 2024,153,,SANTA ROSA DO PIAUI,26/08/2024,5/29/2025,PERFURADO E INSTALADO,06°48'53.00''S,42°13'15.00''W,-6.814722,-42.220833,
ANO 2024,155,,SANTANA DO PIAUI,17/01/2024,2/27/2024,PERFURADO E INSTALADO,06°55'35.99''S,41°33'09.29''W,-6.926664,-41.55258,
ANO 2024,156,,SANTANA DO PIAUI,19/01/2024,3/2/2024,PERFURADO E INSTALADO,06°54'0.312''S,41°32'10.848''W,-6.900087,-41.536357,
ANO 2024,159,,SAO BRAZ DO PIAUI,29/08/2024,11/8/2024,PERFURADO E INSTALADO,09°04'2.86,42°56'27.04,-9.067461,-42.940289,
ANO 2024,160,,SAO JOAO DA CANABRAVA,24/09/2024,12/11/2024,PERFURADO E INSTALADO,06°36'28.34''S,41°23'49.79''W,-6.607872,-41.396053,
ANO 2024,162,,SAO JOAO DO PIAUI,01/09/2024,11/22/2024,PERFURADO E INSTALADO,08°20'35.73,42°01'33.77,-8.343258,-42.025992,
ANO 2024,163,,SAO JOAO DO PIAUI,01/09/2024,11/19/2024,PERFURADO E INSTALADO,08°23'54.05,42°17'05.66,-8.398347,-42.284906,
ANO 2024,164,,SAO JOAO DO PIAUI,05/09/2024,5/17/2025,PERFURADO E INSTALADO,08°21'47.31, 41°59'57.74,-8.363142,-41.999372,
ANO 2024,165,,SAO JOAO DO PIAUI,06/09/2024,4/15/2025,PERFURADO E INSTALADO,08°20'10.48''S, 42°2'34.51''W,-8.336244,-42.04292,
ANO 2024,166,,SAO JOAO DO PIAUI,10/09/2024,4/19/2025,PERFURADO E INSTALADO,08°21'28.01,42°12'04.00,-8.35778,-42.201111,
ANO 2024,170,,SAO RAIMUNDO DO NONATO,01/09/2024,10/27/2024,PERFURADO E INSTALADO,08°58'16.62''S,42°42'27.46''W,-8.971283,-42.707628,
ANO 2024,171,,SAO RAIMUNDO DO NONATO,02/09/2024,10/27/2024,PERFURADO E INSTALADO,08°59'10.17''S,42°43'8.75''W,-8.986158,-42.719097,
ANO 2024,172,,SAO RAIMUNDO DO NONATO,13/09/2024,10/30/2024,PERFURADO E INSTALADO,09°0'54.040,42° 51' 28.980,-9.015011,-42.857994,
ANO 2024,173,,SAO RAIMUNDO DO NONATO,15/09/2024,10/28/2024,PERFURADO E INSTALADO,08°57'3.44''S,42°42'28.20''W,-8.950956,-42.707833,
ANO 2024,177,,SAO RAIMUNDO DO NONATO,05/08/2024,11/5/2024,PERFURADO E INSTALADO,09°2'49.175,42° 39' 7.214,-9.047993,-42.651337,
ANO 2024,178,,SAO RAIMUNDO DO NONATO,06/08/2024,11/1/2024,PERFURADO E INSTALADO,08°59'38.155,42° 43' 17.904,-8.993932,-42.72164,
ANO 2024,181,,SAO RAIMUNDO DO NONATO,10/09/2024,11/3/2024,PERFURADO E INSTALADO,09°1'2.178''S,42°46'16.68''W,-9.017271,-42.7713,
ANO 2024,182,,SAO RAIMUNDO DO NONATO,10/09/2024,11/8/2024,PERFURADO E INSTALADO,08°59'44.44''S,42°46'5.273''W,-8.995678,-42.768131,
ANO 2024,183,,SAO RAIMUNDO DO NONATO,12/09/2024,11/4/2024,PERFURADO E INSTALADO,09°3'12.514,42° 45' 1.825,-9.053476,-42.750507,
ANO 2024,184,,SIGEFREDO PACHECO,01/12/2024,4/4/2025,PERFURADO E INSTALADO,04°58'18.746,41°46'29.136,-4.971874,-41.77476,
ANO 2024,185,,SIGEFREDO PACHECO,02/12/2024,2/24/2025,PERFURADO E INSTALADO,04°52'22.91''S,41°40'56.89''W,-4.873031,-41.682469,
ANO 2024,186,,SIGEFREDO PACHECO,04/12/2024,3/30/2025,PERFURADO E INSTALADO,05°10'34.50''S,41°54'18.39''W,-5.17625,-41.905108,
ANO 2024,190,,SUSSUAPARA,07/03/2024,5/5/2024,PERFURADO E INSTALADO,06°58'38.030''S,41°24'47.480''W,-6.97723,-41.413189,
ANO 2024,191,,SUSSUAPARA,09/03/2024,5/5/2024,PERFURADO E INSTALADO,07°01'27.379''S,41°22'57.800''W,-7.024272,-41.382722,
ANO 2024,192,,SUSSUAPARA,13/03/2024,4/30/2024,PERFURADO E INSTALADO,07°01'30.899''S,41°24'04.639''W,-7.025249,-41.401288,
ANO 2024,193,,SUSSUAPARA,17/03/2024,5/10/2024,PERFURADO E INSTALADO,06°57'24.643''S,41°26'8.799''W,-6.956846,-41.435778,
ANO 2024,194,,SUSSUAPARA,22/03/2024,6/16/2024,PERFURADO E INSTALADO,07°00'07.150''S,41°24'30.449''W,-7.001986,-41.408458,
ANO 2024,,,CARACOL,,3/12/2024,PERFURADO E INSTALADO,09°14'44.49,43°14'13.50,-9.245692,-43.237083,
ANO 2024,,,CARACOL,,2/9/2024,PERFURADO E INSTALADO,09°20'23.90,43°18'53.80,-9.339972,-43.314944,
ANO 2024,,,CARACOL,,3/17/2024,PERFURADO E INSTALADO,09°16'57.3''S,43°18'34.5''W,-9.282583,-43.309583,
ANO 2023,1,7.233.00/2020,BRASILEIRA,14/10/2023,,"PERFURADO, AGUARDANDO INSTALACAO",04°11'39.71,41°44'50.74,-4.194364,-41.747428,
ANO 2023,2,7.233.00/2020,CARACOL,19/10/2023,3/12/2024,PERFURADO E INSTALADO,09°20'23.90,43°18'53.80,-9.339972,-43.314944,
ANO 2023,4,7.233.00/2020,CARACOL,22/10/2023,3/17/2024,PERFURADO E INSTALADO,09°14'44.49,43°14'13.50,-9.245692,-43.237083,
ANO 2023,5,7.441.00/2021,CURRALINHOS,17/04/2023,12/9/2023,PERFURADO E INSTALADO,05°34'21.99,42°48'41.53,-5.572775,-42.811536,
ANO 2023,6,7.441.00/2021,CURRALINHOS,19/04/2023,12/11/2023,PERFURADO E INSTALADO,05°37'23.55,42°49'52.30,-5.623208,-42.831194,
ANO 2023,7,7.233.00/2020,DIRCEU ARCOVERDE,18/05/2023,12/4/2023,PERFURADO E INSTALADO,09°11'40.70,42°20'22.25,-9.194639,-42.339514,
ANO 2023,9,7.233.00/2020,DIRCEU ARCOVERDE,24/03/2023,12/2/2023,PERFURADO E INSTALADO,09°14'06.59,42°17'23.71,-9.235164,-42.289919,
ANO 2023,10,7.233.00/2020,FRANCISCO MACEDO,19/04/2023,11/18/2023,PERFURADO E INSTALADO,07°18'49.22,40°46'38.44,-7.313672,-40.777344,
ANO 2023,11,7.233.00/2020,FRANCISCO MACEDO,18/05/2023,11/15/2023,PERFURADO E INSTALADO,07°19'27.92,40°45'32.93,-7.324422,-40.759147,
ANO 2023,13,7.441.00/2021,ISAIAS COELHO,25/04/2023,11/14/2023,PERFURADO E INSTALADO,07°43'06.91,41°31'40.91,-7.718586,-41.527031,
ANO 2023,14,7.441.00/2021,ISAIAS COELHO,05/09/2023,,"PERFURADO, AGUARDANDO INSTALACAO",07°42'52.71,41°32'39.54,-7.714642,-41.544317,
ANO 2023,15,7.441.00/2021,ISAIAS COELHO,05/11/2023,12/15/2024,PERFURADO E INSTALADO,07°46'40.52,41°41'58.05,-7.777922,-41.699458,
ANO 2023,16,7.441.00/2021,ISAIAS COELHO,05/10/2023,10/18/2023,PERFURADO E INSTALADO,07°47'52.49,41°42'16.89,-7.797914,-41.704692,
ANO 2023,17,7.233.00/2020,JOSE DE FREITAS,22/04/2023,10/10/2023,PERFURADO E INSTALADO,04°39'11.10,42°38'19.51,-4.653083,-42.638753,
ANO 2023,18,7.441.00/2021,LANDRI SALES,01/05/2023,11/30/2023,PERFURADO E INSTALADO,07°14'58.76,43°58'20.64,-7.249656,-43.9724,
ANO 2023,19,7.441.00/2021,LANDRI SALES,03/05/2023,1/16/2024,PERFURADO E INSTALADO,07°22'47.69,43°56'09.32,-7.379914,-43.935922,
ANO 2023,20,7.441.00/2021,LANDRI SALES,28/04/2023,1/31/2024,PERFURADO E INSTALADO,07°12'49.76,43°54'33.14,-7.213822,-43.909206,
ANO 2023,21,7.441.00/2021,LANDRI SALES,30/04/2023,1/30/2024,PERFURADO E INSTALADO,07°12'56.74,43°53'49.05,-7.215761,-43.896958,
ANO 2023,22,7.233.00/2020,PIO IX,20/04/2023,11/25/2023,PERFURADO E INSTALADO,06°50'05.12,40°37'15.32,-6.834756,-40.620922,
ANO 2023,23,7.233.00/2020,PIO IX,25/04/2023,11/30/2023,PERFURADO E INSTALADO,06°56'53.83,40°37'15.32,-6.948286,-40.620922,
ANO 2023,24,7.233.00/2020,PIO IX,09/05/2023,11/22/2023,PERFURADO E INSTALADO,06°53'38.26,40°37'56.99,-6.893961,-40.632497,
ANO 2023,25,7.233.00/2020,PIO IX,11/05/2023,,"PERFURADO, AGUARDANDO INSTALACAO",06°45'37.87,40°37'31.65,-6.760519,-40.625458,
ANO 2023,27,7.233.00/2020,PIO IX,22/04/2023,11/30/2023,PERFURADO E INSTALADO,06°52'42.49,40°37'31.30,-6.878469,-40.625361,
ANO 2023,28,7.441.00/2021,PIO IX,22/01/2023,12/5/2023,PERFURADO E INSTALADO,06°42'27.94,40°56'25.19,-6.707761,-40.940331,
ANO 2023,29,7.441.00/2021,REDENCAO DO GURGUEIA,09/06/2023,11/27/2023,PERFURADO E INSTALADO,09°38'54.018''S,44°37'8.016''W,-9.648338,-44.618893,
ANO 2023,30,7.441.00/2021,REDENCAO DO GURGUEIA,12/06/2023,11/18/2023,PERFURADO E INSTALADO,09°23'42.21''S,44°26'42.342''W,-9.395058,-44.445095,
ANO 2023,31,7.441.00/2021,REDENCAO DO GURGUEIA,19/06/2023,11/21/2023,PERFURADO E INSTALADO,09°28'21.64,44°21'56.91,-9.472678,-44.365808,
ANO 2023,32,7.441.00/2021,REDENCAO DO GURGUEIA,17/06/2023,11/24/2023,PERFURADO E INSTALADO,09°28'10.03,44°29'32.29,-9.469453,-44.492303,
ANO 2023,33,7.441.00/2021,SANTA LUZ,11/05/2023,11/18/2023,PERFURADO E INSTALADO,08°56'42.40,44°10'49.13,-8.945111,-44.180314,
ANO 2023,34,7.441.00/2021,SANTA LUZ,12/05/2023,11/15/2023,PERFURADO E INSTALADO,08°53'53.31,44°09'24.73,-8.898142,-44.156869,
ANO 2023,35,7.441.00/2021,SANTA LUZ,10/05/2023,11/21/2023,PERFURADO E INSTALADO,08°28'06.93,44°06'46.08,-8.468592,-44.1128,
ANO 2023,36,7.441.00/2021,SANTA LUZ,07/05/2023,11/23/2023,PERFURADO E INSTALADO,09°00'23.04,44°04'22.33,-9.0064,-44.072869,
ANO 2023,38,7.441.00/2021,SANTANA DO PIAUI,29/11/2023,2/9/2024,PERFURADO E INSTALADO,06°50'39.40''S,41°32'27.16''W,-6.844278,-41.540878,
ANO 2023,39,7.441.00/2021,SANTANA DO PIAUI,05/12/2023,1/26/2024,PERFURADO E INSTALADO,06°49'38.53''S,41°35'10.41''W,-6.827369,-41.586225,
ANO 2023,40,7.441.00/2021,SAO JOAO DA FRONTEIRA,27/07/2023,1/11/2024,PERFURADO E INSTALADO,03°52'23.85''S,41°21'8.862''W,-3.873292,-41.352462,
ANO 2023,41,7.441.00/2021,SAO JOAO DA FRONTEIRA,25/07/2023,1/8/2024,PERFURADO E INSTALADO,04°6'54.564''S,41°15'0.534''W,-4.115157,-41.250148,
ANO 2023,42,7.441.00/2021,SAO JOAO DA FRONTEIRA,23/07/2023,12/9/2023,PERFURADO E INSTALADO,04°0'13.902''S,41°14'53.346''W,-4.003862,-41.248151,
ANO 2023,43,7.441.00/2021,SAO JOAO DA FRONTEIRA,24/07/2023,12/11/2023,PERFURADO E INSTALADO,04°21'15.096''S,41°17'4.086''W,-4.354193,-41.284468,
ANO 2023,44,7.441.00/2021,VARZEA GRANDE,25/04/2023,8/7/2023,PERFURADO E INSTALADO,06°31'47.10,42°16'08.17,-6.52975,-42.268936,
ANO 2023,45,7.441.00/2021,VARZEA GRANDE,22/04/2023,9/29/2023,PERFURADO E INSTALADO,06°38'35.13,42°09'46.93,-6.643092,-42.163036,
ANO 2023,46,7.441.00/2021,VARZEA GRANDE,20/04/2023,8/11/2023,PERFURADO E INSTALADO,06°32'59.95,42°10'53.78,-6.549986,-42.181606,
ANO 2023,47,7.441.00/2021,VARZEA GRANDE,10/05/2023,9/25/2023,PERFURADO E INSTALADO,06°30'06.61,42°11'41.27,-6.501836,-42.194797,
ANO 2023,49,7.441.00/2021,VILA NOVA DO PIAUI,27/02/2023,12/15/2023,PERFURADO E INSTALADO,07°12'59.50,40°57'44.32,-7.216528,-40.962311,
ANO 2023,50,7.441.00/2021,VILA NOVA DO PIAUI,07/03/2023,10/6/2023,PERFURADO E INSTALADO,07°11'02.14,40°57'07.16,-7.183928,-40.951989,
ANO 2023,51,7.441.00/2021,VILA NOVA DO PIAUI,01/03/2023,9/19/2023,PERFURADO E INSTALADO,07°13'18.60,40°54'58.89,-7.221833,-40.916358,
ANO 2022,1,7.233.00/2020,ALTOS,,,,05°01'20.99,42°32'58.21,-5.022497,-42.549503,
ANO 2022,2,7.233.00/2020,ALTOS,,,,05°01'52.77,42°30'46.23,-5.031325,-42.512842,
ANO 2022,3,7.233.00/2020,ALTOS,,,,05°07'43.58,42°30'03.87,-5.128772,-42.501075,
ANO 2022,5,7.233.00/2020,BARRO DURO,,,,05°49'00.09,42°30'55.00,-5.816692,-42.515278,
ANO 2022,6,7.233.00/2020,BARRO DURO,,,,05°49'27.90,42°30'37.95,-5.824417,-42.510542,
ANO 2022,7,7.311.00/2019,FRANCISCO SANTOS,,,,"07°05'28,05''S","41°08'37,83''W",-7.091125,-41.143842,
ANO 2022,8,7.311.00/2019,FRANCISCO SANTOS,,,,06°59'16.7,41°08'10.2,-6.987972,-41.136167,
ANO 2022,9,7.311.00/2019,FRANCISCO SANTOS,,,,07°01'58.6,41°08'14.3,-7.032944,-41.137306,
ANO 2022,10,7.311.00/2019,FRANCISCO SANTOS,,,,06°56'59.8,41°09'06.1,-6.949944,-41.151694,
ANO 2022,11,7.311.00/2019,FRANCISCO SANTOS,,,,07°00'38.8,41°08'02.2,-7.010778,-41.134,
ANO 2022,12,7.311.00/2019,FRANCISCO SANTOS,,,,06°56'30.1,41°09'19.7,-6.941694,-41.155472,
ANO 2022,13,7.311.00/2019,FRANCISCO SANTOS,,,,"07°12'45,515","41° 10' 04,497",-7.212643,-41.167916,
ANO 2022,14,7.233.00/2020,INHUMA,,,,06°38'17.00,41°42'28.00,-6.638056,-41.707778,
ANO 2022,15,7.311.00/2019,MONSENHOR GIL,,,,"5°36'06,058","42°43'27,167",-5.601683,-42.724213,
ANO 2022,16,7.233.00/2020,PAJEU DO PIAUI,,,,07°50'37.59,42°48'48.86,-7.843775,-42.813572,
ANO 2022,17,7.233.00/2020,PAJEU DO PIAUI,,,,07°59'42.88,42°55'52.64,-7.995244,-42.931289,
ANO 2022,18,7.233.00/2020,PAJEU DO PIAUI,,,,07°52'43.83,42°48'45.23,-7.878842,-42.812564,
ANO 2022,19,7.233.00/2020,PAJEU DO PIAUI,,,,07°59'22.00,42°58'21.93,-7.989444,-42.972758,
ANO 2022,20,7.233.00/2020,PAJEU DO PIAUI,,,,07°54'09.02,42°48'55.46,-7.902506,-42.815406,
ANO 2021,1,7.233.00/2020,BRASILEIRA,,,,04°09'10.00,41°54'29.00,-4.152778,-41.908056,
ANO 2021,2,7.233.00/2020,BRASILEIRA,,,,04°10'54.00,41°49'53.00,-4.181667,-41.831389,
ANO 2021,3,7.233.00/2020,BRASILEIRA,,,,04°11'31.00,41°40'00.00,-4.192778,-41.666667,
ANO 2021,4,7.233.00/2020,BRASILEIRA,,,,04°03'44.00,41°33'15.00,-4.062222,-41.554167,
ANO 2021,5,7.311.00/2019,FRANCISCO SANTOS,,,,"07°02'50,387","41°10' 30,120",-7.047885,-41.175033,
ANO 2021,6,7.311.00/2019,FRONTEIRAS,,,,"7°00' 55,764","40° 40' 12,571",-7.01549,-40.670158,
ANO 2021,7,7.233.00/2020,INHUMA,,,,06°43'22.00,41°29'34.00,-6.722778,-41.492778,
ANO 2021,8,7.233.00/2020,INHUMA,,,,06°40'06.00,41°38'02.00,-6.668333,-41.633889,
ANO 2021,9,7.233.00/2020,INHUMA,,,,06°41'41.00,41°50'28.00,-6.694722,-41.841111,
ANO 2021,10,7.233.00/2020,INHUMA,,,,06°39'58.00,41°50'38.00,-6.665,-41.843889,
ANO 2021,11,7.311.00/2019,LAGOA DO SAO FRANCISCO,,,,"04º23'35,944","41° 35'17,471",-4.393317,-41.588186,
ANO 2021,12,7.311.00/2019,LAGOA DO SAO FRANCISCO,,,,"04º23'12,34","41° 35'32,020",-4.386206,-41.58945,
ANO 2021,13,7.233.00/2020,MARCOLANDIA,,,,07°26'46.00,40°46'22.00,-7.446111,-40.772778,
ANO 2021,14,7.233.00/2020,MARCOLANDIA,,,,07°23'34.00,40°45'49.00,-7.392778,-40.763611,
ANO 2021,15,7.233.00/2020,MARCOLANDIA,,,,07°23'51.00,40°45'11.00,-7.3975,-40.753056,
ANO 2021,16,7.233.00/2020,MARCOLANDIA,,,,07°25'02.00,40°45'11.00,-7.417222,-40.753056,
ANO 2021,17,7.233.00/2020,MARCOLANDIA,,,,07°23'21.00,40°44'47.00,-7.389167,-40.746389,
ANO 2021,18,7.311.00/2019,MIGUEL ALVES,,,,"04º10'55,051","42º 47'23,142",-4.182514,-42.789762,
ANO 2021,19,7.311.00/2019,MIGUEL ALVES,,,,"04º11'35,326","42º 46'08,148",-4.193146,-42.76893,
ANO 2021,20,7.311.00/2019,MIGUEL ALVES,,,,"04º18'22,384","42º 46'29,210",-4.306218,-42.77478,
ANO 2021,21,7.311.00/2019,MIGUEL ALVES,,,,"04º12'50,714","42º 50'37,981",-4.213531,-42.843883,
ANO 2021,22,7.311.00/2019,MIGUEL ALVES,,,,"04º19'18,888","42º 57'36,799",-4.321913,-42.960222,
ANO 2021,24,7.311.00/2019,PEDRO II,,,,"04º22'56,183","41° 26'23,707",-4.382273,-41.439918,
ANO 2021,25,7.311.00/2019,PEDRO II,,,,"04º31' 50,972","41° 36'23,283",-4.530269,-41.606468,
ANO 2021,26,7.311.00/2019,PEDRO II,,,,"04º33' 02,095","41° 26'06,575",-4.550582,-41.435159,
ANO 2021,27,7.311.00/2019,PORTO,,,,"04º02'17,520","42º 45'37,819",-4.0382,-42.760506,
ANO 2020,1,7.311.00/2019,BENEDITINOS,01/02/2021,,,"05º 21´ 26,077","42º 34´ 06,51",-5.357243,-42.568475,
ANO 2020,2,7.311.00/2019,FLORESTA DO PIAUI,01/02/2021,,,"07°28' 56,014","41° 45' 57,870",-7.482226,-41.765519,
ANO 2020,3,7.311.00/2019,FLORIANO,06/02/2021,,,"06º 43´ 31,681","42º 58´ 34,731",-6.725467,-42.976314,
ANO 2020,4,7.311.00/2019,FRANCISCO SANTOS,04/03/2021,,,"07° 12' 45,515","41° 10' 04,497",-7.212643,-41.167916,
ANO 2020,5,7.311.00/2019,SANTA CRUZ DO PIAUI,,,,"07º 11´ 39,232","41º 43´ 49,503",-7.194231,-41.730417,
IMPRODUTIVOS,1,7.441.00/2021,CIPA,14/06/2024,,IMPRODUTIVO,07°20'43.28''S,41°01'48.05''W,-7.345356,-41.030014,
IMPRODUTIVOS,2,7.441.00/2021,MALHADINHA,16/08/2024,,IMPRODUTIVO,07°21'03.13''S,40°56'19.39''W,-7.350869,-40.938719,
IMPRODUTIVOS,3,7.441.00/2021,RESFRIADO,04/10/2024,,IMPRODUTIVO,10°07'28.27''S,44°17'56.14''W,-10.124519,-44.298928,
IMPRODUTIVOS,4,7.441.00/2021,BARREIROS P1,18/04/2024,,IMPRODUTIVOS,07°43'08.59''S,42°57'19.33''W,-7.718497,-42.955369,
IMPRODUTIVOS,5,7.441.00/2021,SACO FECHADO - AGRESTE,30/09/2024,,IMPRODUTIVOS,07°17'54.72''S,40°46'50.50''W,-7.298533,-40.780694,
IMPRODUTIVOS,6,7.441.00/2021,CAMBOEIRO II - CAMBOEIRO,02/10/2024,,IMPRODUTIVOS,07°19'21.979''S,40°45'10.63''W,-7.322716,-40.752953,
IMPRODUTIVOS,7,7.441.00/2021,MALHADOR,28/10/2024,,IMPRODUTIVOS,06°39'5.83,41°34'28.04,-6.651619,-41.574456,
IMPRODUTIVOS,8,7.441.00/2021,FAZENDA NOVA 1ÂªOP,22/03/2023,,IMPRODUTIVOS,07°42'51.46,41°32'37.83,-7.71485,-41.543842,
IMPRODUTIVOS,9,7.441.00/2021,BOA VISTA,17/09/2024,,IMPRODUTIVOS,07°53'40.62''S,41°23'26.08''W,-7.894617,-41.390578,
IMPRODUTIVOS,10,7.441.00/2021,BAIRRO ALTO SÃO PEDRO,18/09/2024,,IMPRODUTIVOS,07°55'48.09''S,41°11'14.87''W,-7.930025,-41.187464,
IMPRODUTIVOS,11,7.441.00/2021,PENDANGA,26/08/2024,,IMPRODUTIVOS,09°07'28.98''S,43°15'19.12''W,-9.124717,-43.255311,
IMPRODUTIVOS,12,7.441.00/2021,CHAPADA DO GATO,03/06/2024,,IMPRODUTIVOS,07°27'36.20''S,41°06'12.61''W,-7.460056,-41.103503,
IMPRODUTIVOS,13,7.441.00/2021,LOCALIDADE BOI DE CARRO,21/07/2024,,IMPRODUTIVOS,07°31'54.327''S,41°8'3.055''W,-7.531757,-41.134181,
IMPRODUTIVOS,15,7.441.00/2021,BATINGA,28/01/2023,,IMPRODUTIVOS,06°46'43.79,40°47'00.95,-6.778831,-40.783597,
IMPRODUTIVOS,16,7.441.00/2021,ODILANDIA,23/01/2023,,IMPRODUTIVOS,06°45'15.10,40°48'17.63,-6.754194,-40.804897,
IMPRODUTIVOS,17,7.441.00/2021,VIANA,01/02/2023,,IMPRODUTIVOS,06°47'44.77,40°46'52.49,-6.795769,-40.781247,
IMPRODUTIVOS,18,7.441.00/2021,SERRA DO GAVIÃO,19/08/2024,,IMPRODUTIVOS,06°53'29.36''S,40°48'45.14''W,-6.891489,-40.812539,
IMPRODUTIVOS,19,7.441.00/2021,SERRA DO TRAVESSÃO,25/08/2024,,IMPRODUTIVOS,06°51'34.92''S,40°49'50.45''W,-6.8597,-40.830681,
IMPRODUTIVOS,20,7.441.00/2021,QUEIMADA GRANDE,28/08/2024,,IMPRODUTIVOS,06°52'04.04''S,40°47'36.24''W,-6.867789,-40.7934,
IMPRODUTIVOS,22,7.441.00/2021,PAU D'ARCO OLHO D'ÃGUA,06/12/2023,,IMPRODUTIVOS,06°54'00.31''S,41°32'10.85''W,-6.900086,-41.536903,
IMPRODUTIVOS,23,7.441.00/2021,CHAPADA DO BARRO(ENGANO),26/01/2024,,IMPRODUTIVOS,06°54'31.28''S,41°29'45.73''W,-6.908689,-41.495481,
IMPRODUTIVOS,24,7.441.00/2021,SITIO ZAO NOVO,01/08/2024,,IMPRODUTIVOS,09°03'41.79,42°53'04.40,-9.061608,-42.884556,
IMPRODUTIVOS,25,7.441.00/2021,TANQUE VELHO,27/08/2024,,IMPRODUTIVOS,09°02'39.80,42°56'02.1,-9.044389,-42.933917,
IMPRODUTIVOS,26,7.441.00/2021,BAIXA DO REGO,29/08/2024,,IMPRODUTIVOS,8° 57' 14.018,42° 42' 37.562,-8.953904489193693,-42.71044463069533,
IMPRODUTIVOS,27,7.441.00/2021,MUCAMBO,23/09/2024,,IMPRODUTIVOS,08°51'07.0''S,42°59'57.0''W,-8.851944,-42.999167,
IMPRODUTIVOS,28,7.441.00/2021,BAIXA DO REGO,25/09/2024,,IMPRODUTIVOS,08°57'8.55''S,42°42'33.94''W,-8.952375,-42.709428,
IMPRODUTIVOS,29,7.0285.00/2022,GARÃ,,,IMPRODUTIVOS,09°0'21.413,42° 38' 20.990,-9.005922740440338,-42.63916896824589,
IMPRODUTIVOS,31,7.0285.00/2022,GAMELEIRA 2,,,IMPRODUTIVOS,09°0'5.468,42° 50' 53.362,-9.001483131434664,-42.84815139397327,
IMPRODUTIVOS,32,7.441.00/2021,CHAPADA / ASS. COMUNIDADE JOAO DE SOUSA,26/09/2024,,IMPRODUTIVOS,07°38'29.91''S,40°49'9.18''W,-7.641086,-40.819217,
IMPRODUTIVOS,33,7.441.00/2021,MONTE SOMBRIO / ASS. COMUNIDADE JOAO DE SOUSA,27/09/2024,,IMPRODUTIVOS,07°36'46.60''S,40°48'18.63''W,-7.612944,-40.805175,
IMPRODUTIVOS,34,7.441.00/2021,SAO MIGUEL / ASS. COMUNIDADE JOAO DE SOUSA,30/09/2024,,IMPRODUTIVOS,07°36'16.50''S,40°45'51.26''W,-7.604583,-40.764239,
IMPRODUTIVOS,35,7.441.00/2021,ALTO ALEGRE,08/03/2023,,IMPRODUTIVOS,07°15'53.75,40°58'08.26,-7.264844449053458,-40.96895842415314,
